GROUP,PACKAGE,CLASS,INSTRUCTION_MISSED,INSTRUCTION_COVERED,BRANCH_MISSED,BRANCH_COVERED,LINE_MISSED,LINE_COVERED,COMPLEXITY_MISSED,COMPLEXITY_COVERED,METHOD_MISSED,METHOD_COVERED
Dataset Building Subsystem,com.ctg.dataFab.classification.engine,DataClassificationEngine.ClassificationRule,134,36,30,0,0,4,20,6,5,6
Dataset Building Subsystem,com.ctg.dataFab.classification.engine,DataClassificationEngine.ClassificationContext,212,35,46,0,2,11,31,8,8,8
Dataset Building Subsystem,com.ctg.dataFab.classification.engine,DataClassificationEngine.ClassificationResult,255,67,54,0,0,13,32,18,5,18
Dataset Building Subsystem,com.ctg.dataFab.classification.engine,DataClassificationEngine,29,581,8,30,6,107,7,19,1,5
Dataset Building Subsystem,com.ctg.dataFab.access.entity,AuditLog,83,312,48,30,0,10,39,23,0,23
Dataset Building Subsystem,com.ctg.dataFab.access.entity,DataApproval,110,405,63,39,0,13,51,29,0,29
Dataset Building Subsystem,com.ctg.dataFab.ingest.controller,DataSampleController,66,10,0,0,18,2,5,2,5,2
Dataset Building Subsystem,com.ctg.dataFab.ingest.controller,DatasetController,0,68,0,0,0,18,0,6,0,6
Dataset Building Subsystem,com.ctg.dataFab.qa.controller,QaController,0,85,0,0,0,22,0,8,0,8
Dataset Building Subsystem,com.ctg.dataFab.label.engine,IaaEngine,9,342,5,35,4,56,6,18,1,3
Dataset Building Subsystem,com.ctg.dataFab.label.engine,IaaEngine.IaaDecision,0,21,0,0,0,4,0,1,0,1
Dataset Building Subsystem,com.ctg.dataFab.delivery.dto,PublishRequest,201,34,46,0,0,6,28,10,5,10
Dataset Building Subsystem,com.ctg.dataFab.delivery.dto,PublishResponse,164,31,38,0,0,5,23,9,4,9
Dataset Building Subsystem,com.ctg.dataFab.common.config,SecurityConfig,22,253,0,0,8,32,2,8,2,8
Dataset Building Subsystem,com.ctg.dataFab.common.config,OpenApiConfig,0,41,0,0,0,12,0,2,0,2
Dataset Building Subsystem,com.ctg.dataFab.common.config,MybatisPlusConfig,0,15,0,0,0,4,0,2,0,2
Dataset Building Subsystem,com.ctg.dataFab.qa.dto,EvaluateRequest,164,31,38,0,0,5,23,9,4,9
Dataset Building Subsystem,com.ctg.dataFab.qa.dto,EvaluateResponse.GateInfo,214,27,40,0,6,1,30,7,10,7
Dataset Building Subsystem,com.ctg.dataFab.qa.dto,EvaluateResponse,151,31,34,0,0,5,21,9,4,9
Dataset Building Subsystem,com.ctg.dataFab.ingest.service.impl,DatasetServiceImpl,6,225,4,8,0,44,4,10,0,8
Dataset Building Subsystem,com.ctg.dataFab.ingest.service.impl,DataSampleServiceImpl,9,231,3,13,1,53,3,12,0,7
Dataset Building Subsystem,com.ctg.dataFab.ingest.dto,DataSampleCreateRequest,341,54,78,0,0,10,46,16,7,16
Dataset Building Subsystem,com.ctg.dataFab.ingest.dto,DatasetCreateRequest,230,45,54,0,0,7,31,13,4,13
Dataset Building Subsystem,com.ctg.dataFab.ingest.entity,Dataset,617,98,142,0,0,18,81,29,10,29
Dataset Building Subsystem,com.ctg.dataFab.ingest.entity,DataSample,155,560,88,54,0,18,71,39,0,39
Dataset Building Subsystem,com.ctg.dataFab.common.dto,PageResponse,197,68,46,0,0,13,27,12,4,12
Dataset Building Subsystem,com.ctg.dataFab.common.dto,PageRequest,204,40,44,4,4,8,33,5,9,5
Dataset Building Subsystem,com.ctg.dataFab.common.dto,ApiResponse,234,111,54,0,0,28,32,16,5,16
Dataset Building Subsystem,com.ctg.dataFab.delivery.controller,DeliveryController,0,77,0,0,0,20,0,7,0,7
Dataset Building Subsystem,com.ctg.dataFab.label.dto,SubmitLabelRequest,197,38,46,0,0,6,27,11,4,11
Dataset Building Subsystem,com.ctg.dataFab.label.dto,CreateLabelTaskRequest,329,70,78,0,0,11,43,19,4,19
Dataset Building Subsystem,com.ctg.dataFab.access.service,DataAccessControlService,71,308,11,21,15,65,9,17,0,10
Dataset Building Subsystem,com.ctg.dataFab.etl.entity,EtlRule,119,436,68,42,0,14,55,31,0,31
Dataset Building Subsystem,com.ctg.dataFab.etl.entity,EtlTask,137,498,78,48,0,16,63,35,0,35
Dataset Building Subsystem,com.ctg.dataFab.delivery.service.impl,DeliveryServiceImpl,12,347,2,12,3,66,2,12,0,7
Dataset Building Subsystem,com.ctg.dataFab.qa.service.impl,QaServiceImpl,5,389,0,26,2,79,0,22,0,9
Dataset Building Subsystem,com.ctg.dataFab.common.exception,BaseException,16,10,0,0,6,4,2,2,2,2
Dataset Building Subsystem,com.ctg.dataFab.common.exception,BusinessException,0,11,0,0,0,4,0,2,0,2
Dataset Building Subsystem,com.ctg.dataFab.common.exception,GlobalExceptionHandler,0,99,0,0,0,20,0,11,0,11
Dataset Building Subsystem,com.ctg.dataFab.qa.entity,QaTask,155,560,88,54,0,18,71,39,0,39
Dataset Building Subsystem,com.ctg.dataFab.label.service.impl,LabelTaskServiceImpl.new TypeReference() {...},0,6,0,0,0,1,0,1,0,1
Dataset Building Subsystem,com.ctg.dataFab.label.service.impl,LabelTaskServiceImpl.new TypeReference() {...},0,6,0,0,0,1,0,1,0,1
Dataset Building Subsystem,com.ctg.dataFab.label.service.impl,LabelTaskServiceImpl.new TypeReference() {...},6,0,0,0,1,0,1,0,1,0
Dataset Building Subsystem,com.ctg.dataFab.label.service.impl,LabelTaskServiceImpl,480,697,58,34,106,136,43,20,5,11
Dataset Building Subsystem,com.ctg.dataFab.delivery.entity,DeliveryRecord,146,529,83,51,0,17,67,37,0,37
Dataset Building Subsystem,com.ctg.dataFab.common.security,JwtAuthenticationFilter,0,58,0,8,0,15,0,8,0,4
Dataset Building Subsystem,com.ctg.dataFab.common.security,JwtTokenProvider,5,184,0,2,2,59,0,10,0,9
Dataset Building Subsystem,com.ctg.dataFab.qa.engine,QualityThresholdEngine,17,356,2,7,5,71,3,11,1,7
Dataset Building Subsystem,com.ctg.dataFab.qa.engine,QualityThresholdEngine.GateCheck,235,86,45,12,4,23,34,13,10,7
Dataset Building Subsystem,com.ctg.dataFab.qa.engine,QualityThresholdEngine.QualityResult,118,29,26,0,0,7,17,7,4,7
Dataset Building Subsystem,com.ctg.dataFab.common.util,Utils,3,9,0,0,1,2,1,2,1,2
Dataset Building Subsystem,com.ctg.dataFab.label.controller,LabelTaskController,35,52,0,0,10,14,1,8,1,8
Dataset Building Subsystem,com.ctg.dataFab.common.enums,LabelTaskStatus,31,73,4,0,5,10,4,3,2,3
Dataset Building Subsystem,com.ctg.dataFab.common.enums,DataLevel,0,90,0,4,0,13,0,8,0,6
Dataset Building Subsystem,com.ctg.dataFab.common.enums,DataModality,18,91,2,6,4,12,4,6,2,4
Dataset Building Subsystem,com.ctg.dataFab.common.enums,DataStatus,9,103,1,3,2,14,2,5,1,4
Dataset Building Subsystem,com.ctg.dataFab.label.entity,LabelTask,180,655,102,64,0,21,82,46,0,45
Dataset Building Subsystem,com.ctg.dataFab.label.entity,LabelRecord,92,343,53,33,0,11,43,25,0,25
Dataset Building Subsystem,com.ctg.dataFab.label.entity,LabelArbitration,475,0,94,0,12,0,74,0,27,0
Dataset Building Subsystem,com.ctg.dataFab.etl.service.impl,EtlTaskServiceImpl,0,340,0,12,0,77,0,13,0,7
Dataset Building Subsystem,com.ctg.dataFab.etl.service.impl,EtlRuleServiceImpl,0,138,0,6,0,30,0,11,0,8
Dataset Building Subsystem,com.ctg.dataFab.etl.controller,EtlRuleController,73,10,0,0,21,2,6,2,6,2
Dataset Building Subsystem,com.ctg.dataFab.etl.controller,EtlTaskController,0,74,0,0,0,20,0,7,0,7
Dataset Building Subsystem,com.ctg.dataFab,DataFabApplication,5,3,0,0,2,1,1,1,1,1
